replicate,gen,pop-id,pop-size,hetero,mean-phenotype,optimal-phenotype
0,5011,p3,50,6.4118e-05,18.3031,-100
0,5011,p3,50,6.4118e-05,18.3031,-100
0,5012,p3,100,6.51295e-05,17.8076,-100
0,5012,p3,78,6.48743e-05,17.6104,-100
0,5013,p3,126,6.62465e-05,17.6242,-100
0,5013,p3,101,6.71194e-05,17.6754,-100
0,5014,p3,254,6.72633e-05,17.5867,-100
0,5014,p3,218,6.69992e-05,17.5918,-100
0,5015,p3,447,6.83274e-05,17.6326,-100
0,5015,p3,283,6.89763e-05,17.6418,-100
0,5016,p3,453,6.97541e-05,17.5927,-100
0,5016,p3,210,7.03727e-05,17.4641,-100
0,5017,p3,364,7.10969e-05,17.4391,-100
0,5017,p3,194,7.11291e-05,17.3895,-100
0,5018,p3,307,7.19874e-05,17.2768,-100
0,5018,p3,151,7.20681e-05,17.1001,-100
0,5019,p3,281,7.04749e-05,17.4403,-100
0,5019,p3,171,6.82044e-05,17.6889,-100
0,5020,p3,319,6.90765e-05,17.7443,-100
0,5020,p3,194,6.97047e-05,17.7154,-100
0,5021,p3,361,7.20693e-05,17.4604,-100
0,5021,p3,212,7.28066e-05,17.3023,-100
0,5022,p3,295,7.20321e-05,17.4158,-100
0,5022,p3,127,6.7086e-05,17.7443,-100
0,5023,p3,209,6.58768e-05,18.011,-100
0,5023,p3,151,6.48149e-05,18.1777,-100
0,5024,p3,274,6.63046e-05,18.0949,-100
0,5024,p3,195,6.80483e-05,17.9313,-100
0,5025,p3,363,6.79717e-05,17.9923,-100
0,5025,p3,224,6.87386e-05,17.9492,-100
0,5026,p3,345,6.83772e-05,18.0684,-100
0,5026,p3,176,6.73187e-05,18.1647,-100
0,5027,p3,246,6.72164e-05,18.2174,-100
0,5027,p3,115,6.64949e-05,18.281,-100
0,5028,p3,175,6.87329e-05,18.0961,-100
0,5028,p3,111,6.91028e-05,18.0517,-100
0,5029,p3,213,6.85515e-05,18.1611,-100
0,5029,p3,163,6.70705e-05,18.2666,-100
0,5030,p3,305,6.29024e-05,18.4446,-100
0,5030,p3,200,6.05368e-05,18.5868,-100
0,5031,p3,310,5.99681e-05,18.492,-100
0,5031,p3,158,5.98185e-05,18.35,-100
0,5032,p3,250,6.29383e-05,18.0249,-100
0,5032,p3,147,6.62944e-05,17.741,-100
0,5033,p3,286,6.35573e-05,17.9881,-100
0,5033,p3,202,5.96464e-05,18.3215,-100
0,5034,p3,376,6.04296e-05,18.2313,-100
0,5034,p3,230,6.13596e-05,18.1272,-100
0,5035,p3,355,6.29821e-05,18.0704,-100
0,5035,p3,170,6.38355e-05,18.0216,-100
0,5036,p3,250,6.54859e-05,18.0291,-100
0,5036,p3,139,6.73379e-05,17.9822,-100
0,5037,p3,237,6.19984e-05,18.2226,-100
0,5037,p3,155,5.80772e-05,18.3448,-100
0,5038,p3,300,6.10568e-05,18.109,-100
0,5038,p3,195,6.4159e-05,17.8473,-100
0,5039,p3,327,6.17751e-05,18.1039,-100
0,5039,p3,183,5.97232e-05,18.2616,-100
0,5040,p3,288,6.47574e-05,18.0132,-100
0,5040,p3,162,6.76638e-05,17.8796,-100
0,5041,p3,279,7.01587e-05,17.5355,-100
0,5041,p3,168,7.11212e-05,17.2563,-100
0,5042,p3,329,5.98318e-05,18.1169,-100
0,5042,p3,219,5.24424e-05,18.627,-100
0,5043,p3,355,5.19e-05,18.5341,-100
0,5043,p3,189,5.74592e-05,18.1477,-100
0,5044,p3,310,5.8989e-05,17.8966,-100
0,5044,p3,169,6.32168e-05,17.5621,-100
0,5045,p3,278,6.24283e-05,17.9065,-100
0,5045,p3,152,6.11749e-05,18.212,-100
0,5046,p3,214,6.09357e-05,18.0617,-100
0,5046,p3,111,5.73797e-05,18.0174,-100
0,5047,p3,201,5.5935e-05,18.0469,-100
0,5047,p3,150,5.42702e-05,18.1727,-100
0,5048,p3,320,4.97485e-05,18.4287,-100
0,5048,p3,223,4.74293e-05,18.584,-100
0,5049,p3,357,4.8646e-05,18.4606,-100
0,5049,p3,177,5.18773e-05,18.2832,-100
0,5050,p3,256,5.23178e-05,18.1127,-100
0,5050,p3,126,5.24124e-05,17.8862,-100
0,5051,p3,203,5.24816e-05,17.7801,-100
0,5051,p3,137,5.3944e-05,17.6332,-100
0,5052,p3,287,5.64787e-05,17.8993,-100
0,5052,p3,218,5.64585e-05,18.0279,-100
0,5053,p3,367,5.44988e-05,17.8827,-100
0,5053,p3,202,5.10178e-05,17.7399,-100
0,5054,p3,327,5.372e-05,17.5293,-100
0,5054,p3,176,5.81892e-05,17.221,-100
0,5055,p3,266,6.00765e-05,17.1926,-100
0,5055,p3,139,6.04863e-05,17.2407,-100
0,5056,p3,208,5.93748e-05,17.2631,-100
0,5056,p3,124,5.85207e-05,17.266,-100
0,5057,p3,222,6.08875e-05,17.0786,-100
0,5057,p3,153,6.0871e-05,17.0668,-100
0,5058,p3,290,5.51164e-05,17.5392,-100
0,5058,p3,183,5.05379e-05,17.8561,-100
0,5059,p3,289,4.97222e-05,17.8637,-100
0,5059,p3,150,4.91424e-05,17.7751,-100
0,5060,p3,212,5.03191e-05,17.9066,-100
0,5060,p3,111,5.20623e-05,17.9054,-100
0,5061,p3,206,5.75306e-05,17.5363,-100
0,5061,p3,156,5.99162e-05,17.2247,-100
0,5062,p3,332,5.7641e-05,17.2604,-100
0,5062,p3,229,5.48005e-05,17.3966,-100
0,5063,p3,440,5.38032e-05,17.6159,-100
0,5063,p3,259,5.4435e-05,17.5856,-100
0,5064,p3,359,5.51338e-05,17.327,-100
0,5064,p3,133,5.23255e-05,17.1011,-100
0,5065,p3,200,5.26014e-05,17.2675,-100
0,5065,p3,107,5.04996e-05,17.6596,-100
0,5066,p3,198,4.36065e-05,18.2499,-100
0,5066,p3,142,3.87292e-05,18.5519,-100
0,5067,p3,302,4.61639e-05,18.1788,-100
0,5067,p3,215,4.9535e-05,17.9751,-100
0,5068,p3,384,4.62251e-05,17.9551,-100
0,5068,p3,220,4.38751e-05,17.8346,-100
0,5069,p3,365,4.03485e-05,17.8262,-100
0,5069,p3,191,3.91239e-05,17.8068,-100
0,5070,p3,328,4.1687e-05,17.8587,-100
0,5070,p3,191,4.37631e-05,17.8463,-100
0,5071,p3,284,4.32207e-05,18.3277,-100
0,5071,p3,130,4.00654e-05,19.0893,-100
0,5072,p3,197,4.3198e-05,18.866,-100
0,5072,p3,116,4.73038e-05,18.2832,-100
0,5073,p3,175,4.3136e-05,18.4418,-100
0,5073,p3,121,4.08247e-05,18.3956,-100
0,5074,p3,238,4.49861e-05,18.13,-100
0,5074,p3,183,4.78432e-05,17.9863,-100
0,5075,p3,362,4.77628e-05,17.6634,-100
0,5075,p3,229,4.77478e-05,17.5127,-100
0,5076,p3,359,4.48451e-05,17.6433,-100
0,5076,p3,170,3.76407e-05,17.9401,-100
0,5077,p3,228,3.49231e-05,18.0477,-100
0,5077,p3,101,3.2461e-05,18.1812,-100
0,5078,p3,159,3.399e-05,18.3384,-100
0,5078,p3,113,3.81142e-05,18.2655,-100
0,5079,p3,239,3.80645e-05,18.1803,-100
0,5079,p3,194,3.87419e-05,18.1421,-100
0,5080,p3,376,4.04211e-05,18.2357,-100
0,5080,p3,232,4.22102e-05,18.2773,-100
0,5081,p3,363,4.21667e-05,18.3366,-100
0,5081,p3,176,4.17798e-05,18.3519,-100
0,5082,p3,253,4.22459e-05,18.1829,-100
0,5082,p3,124,4.13183e-05,18.0276,-100
0,5083,p3,233,3.80607e-05,18.2213,-100
0,5083,p3,163,3.54413e-05,18.4041,-100
0,5084,p3,300,3.51942e-05,18.3392,-100
0,5084,p3,185,3.50508e-05,18.2813,-100
0,5085,p3,293,3.20651e-05,18.2966,-100
0,5085,p3,153,2.7621e-05,18.405,-100
0,5086,p3,241,2.98919e-05,18.6084,-100
0,5086,p3,133,3.28699e-05,18.7176,-100
0,5087,p3,217,3.28966e-05,18.6314,-100
0,5087,p3,132,3.06494e-05,18.3827,-100
0,5088,p3,255,3.07335e-05,18.762,-100
0,5088,p3,189,3.03063e-05,18.9733,-100
0,5089,p3,318,2.95123e-05,18.8642,-100
0,5089,p3,183,2.83451e-05,18.6749,-100
0,5090,p3,296,2.8304e-05,18.8711,-100
0,5090,p3,158,2.72078e-05,19.0467,-100
0,5091,p3,227,2.71191e-05,18.9202,-100
0,5091,p3,113,2.57354e-05,18.7859,-100
0,5092,p3,189,2.6257e-05,18.7194,-100
0,5092,p3,133,2.60518e-05,18.7325,-100
0,5093,p3,280,2.57068e-05,18.6904,-100
0,5093,p3,207,2.50201e-05,18.7332,-100
0,5094,p3,442,2.41642e-05,18.7675,-100
0,5094,p3,282,2.38186e-05,18.7698,-100
0,5095,p3,366,2.41538e-05,18.7819,-100
0,5095,p3,124,2.43357e-05,18.7092,-100
0,5096,p3,185,2.30213e-05,18.5262,-100
0,5096,p3,108,2.1962e-05,18.4645,-100
0,5097,p3,194,1.95766e-05,18.2524,-100
0,5097,p3,139,1.88494e-05,18.2395,-100
0,5098,p3,257,1.98534e-05,18.3769,-100
0,5098,p3,166,2.10892e-05,18.4944,-100
0,5099,p3,265,2.11636e-05,18.556,-100
0,5099,p3,152,2.05133e-05,18.5858,-100
0,5100,p3,240,2.12077e-05,18.59,-100
0,5100,p3,138,2.08312e-05,18.5336,-100
0,5101,p3,237,2.07951e-05,18.4971,-100
0,5101,p3,152,2.00517e-05,18.4834,-100
0,5102,p3,268,2.08075e-05,18.4557,-100
0,5102,p3,167,2.11686e-05,18.4548,-100
0,5103,p3,274,2.10848e-05,18.4436,-100
0,5103,p3,147,2.07212e-05,18.3988,-100
0,5104,p3,244,2.11656e-05,18.3547,-100
0,5104,p3,136,2.12681e-05,18.3058,-100
0,5105,p3,254,2.15142e-05,18.2993,-100
0,5105,p3,164,2.10195e-05,18.2648,-100
0,5106,p3,257,1.95585e-05,18.1692,-100
0,5106,p3,141,1.82259e-05,17.9686,-100
0,5107,p3,217,2.00002e-05,18.0218,-100
0,5107,p3,133,2.19837e-05,18.0809,-100
0,5108,p3,238,2.30304e-05,18.0521,-100
0,5108,p3,162,2.23817e-05,18.0229,-100
0,5109,p3,318,2.17264e-05,18.005,-100
0,5109,p3,213,2.1161e-05,17.9525,-100
0,5110,p3,345,2.11112e-05,17.9128,-100
0,5110,p3,183,2.0602e-05,17.8499,-100
0,5111,p3,294,2.00449e-05,17.8164,-100
0,5111,p3,159,1.92892e-05,17.7814,-100
0,5112,p3,221,2.01078e-05,17.7911,-100
0,5112,p3,118,2.05289e-05,17.8698,-100
0,5113,p3,231,2.19381e-05,17.9284,-100
0,5113,p3,171,2.2314e-05,17.9869,-100
0,5114,p3,344,2.19591e-05,18.0877,-100
0,5114,p3,226,2.13154e-05,18.1514,-100
0,5115,p3,386,2.13908e-05,18.1738,-100
0,5115,p3,213,2.09564e-05,18.2035,-100
0,5116,p3,302,2.27093e-05,18.105,-100
0,5116,p3,137,2.42346e-05,17.9656,-100
0,5117,p3,227,2.33031e-05,18.0445,-100
0,5117,p3,135,2.1065e-05,18.0522,-100
0,5118,p3,268,2.10895e-05,18.1505,-100
0,5118,p3,190,2.06169e-05,18.131,-100
0,5119,p3,339,2.02634e-05,18.0748,-100
0,5119,p3,197,1.95309e-05,17.9931,-100
0,5120,p3,331,1.83226e-05,17.9116,-100
0,5120,p3,192,1.69731e-05,17.824,-100
0,5121,p3,308,1.7053e-05,17.7602,-100
0,5121,p3,163,1.72097e-05,17.7014,-100
0,5122,p3,244,1.53877e-05,17.695,-100
0,5122,p3,135,1.29048e-05,17.6922,-100
0,5123,p3,222,1.33733e-05,17.6224,-100
0,5123,p3,136,1.41631e-05,17.5947,-100
0,5124,p3,253,1.48943e-05,17.681,-100
0,5124,p3,174,1.58513e-05,17.7349,-100
0,5125,p3,283,1.60307e-05,17.6147,-100
0,5125,p3,157,1.66887e-05,17.4854,-100
0,5126,p3,274,1.77416e-05,17.3149,-100
0,5126,p3,172,1.86018e-05,17.2387,-100
0,5127,p3,293,1.87035e-05,17.2816,-100
0,5127,p3,174,1.8284e-05,17.2893,-100
0,5128,p3,303,1.95511e-05,17.157,-100
0,5128,p3,177,2.07048e-05,17.0372,-100
0,5129,p3,259,2.06799e-05,16.8996,-100
0,5129,p3,127,2.08376e-05,16.6945,-100
0,5130,p3,203,2.12486e-05,16.7372,-100
0,5130,p3,125,2.16621e-05,16.8153,-100
0,5131,p3,226,2.26937e-05,16.9757,-100
0,5131,p3,158,2.37256e-05,17.0069,-100
0,5132,p3,292,2.30098e-05,16.9635,-100
0,5132,p3,192,2.26444e-05,16.9062,-100
0,5133,p3,313,2.18466e-05,16.8741,-100
0,5133,p3,168,2.06574e-05,16.8642,-100
0,5134,p3,272,2.23102e-05,16.906,-100
0,5134,p3,147,2.3757e-05,16.9497,-100
0,5135,p3,254,2.27146e-05,16.8753,-100
0,5135,p3,165,2.1771e-05,16.8684,-100
0,5136,p3,287,2.15667e-05,16.8822,-100
0,5136,p3,173,2.13622e-05,17.0376,-100
0,5137,p3,258,2.03515e-05,17.216,-100
0,5137,p3,127,1.94857e-05,17.4835,-100
0,5138,p3,171,1.86975e-05,17.4897,-100
0,5138,p3,90,1.73068e-05,17.4264,-100
0,5139,p3,162,1.73325e-05,17.1569,-100
0,5139,p3,125,1.75302e-05,17.024,-100
0,5140,p3,269,1.80083e-05,17.249,-100
0,5140,p3,191,1.76351e-05,17.3977,-100
0,5141,p3,322,1.69779e-05,17.4434,-100
0,5141,p3,166,1.62727e-05,17.5231,-100
0,5142,p3,243,1.67299e-05,17.5111,-100
0,5142,p3,127,1.76015e-05,17.5535,-100
0,5143,p3,219,1.9429e-05,17.4455,-100
0,5143,p3,143,2.09411e-05,17.3854,-100
0,5144,p3,279,2.15584e-05,17.5327,-100
0,5144,p3,180,2.14438e-05,17.6299,-100
0,5145,p3,281,2.09921e-05,17.6737,-100
0,5145,p3,160,2.08002e-05,17.5659,-100
0,5146,p3,251,2.32271e-05,17.4645,-100
0,5146,p3,143,2.54555e-05,17.3691,-100
0,5147,p3,250,2.42937e-05,17.4668,-100
0,5147,p3,161,2.35107e-05,17.5714,-100
0,5148,p3,294,2.37425e-05,17.5823,-100
0,5148,p3,189,2.33904e-05,17.5894,-100
0,5149,p3,296,2.31448e-05,17.5282,-100
0,5149,p3,155,2.22824e-05,17.4706,-100
0,5150,p3,210,2.30176e-05,17.4036,-100
0,5150,p3,97,2.38352e-05,17.2345,-100
0,5151,p3,169,2.49883e-05,17.2843,-100
0,5151,p3,124,2.42823e-05,17.3237,-100
0,5152,p3,271,2.28382e-05,17.3657,-100
0,5152,p3,200,2.20427e-05,17.357,-100
0,5153,p3,345,2.14871e-05,17.4436,-100
0,5153,p3,193,2.1118e-05,17.4971,-100
0,5154,p3,276,2.19424e-05,17.4818,-100
0,5154,p3,130,2.31136e-05,17.5146,-100
0,5155,p3,220,2.24098e-05,17.518,-100
0,5155,p3,135,2.14433e-05,17.5382,-100
0,5156,p3,252,2.1223e-05,17.3275,-100
0,5156,p3,170,2.10522e-05,17.2261,-100
0,5157,p3,313,2.1966e-05,17.3451,-100
0,5157,p3,193,2.23325e-05,17.4486,-100
0,5158,p3,307,2.18885e-05,17.6009,-100
0,5158,p3,160,2.06494e-05,17.7349,-100
0,5159,p3,225,2.08703e-05,17.7206,-100
0,5159,p3,118,2.09886e-05,17.6297,-100
0,5160,p3,207,2.27002e-05,17.4477,-100
0,5160,p3,151,2.29931e-05,17.3794,-100
0,5161,p3,302,2.32269e-05,17.3585,-100
0,5161,p3,213,2.31584e-05,17.3761,-100
0,5162,p3,389,2.34069e-05,17.6279,-100
0,5162,p3,218,2.33444e-05,17.7966,-100
0,5163,p3,302,2.31146e-05,17.7001,-100
0,5163,p3,134,2.33565e-05,17.4516,-100
0,5164,p3,204,2.43138e-05,17.4084,-100
0,5164,p3,121,2.48125e-05,17.4328,-100
0,5165,p3,214,2.60516e-05,17.5117,-100
0,5165,p3,155,2.5883e-05,17.5867,-100
0,5166,p3,275,2.63299e-05,17.7366,-100
0,5166,p3,177,2.6429e-05,17.8221,-100
0,5167,p3,283,2.75229e-05,17.6911,-100
0,5167,p3,152,2.83797e-05,17.6027,-100
0,5168,p3,247,2.84291e-05,17.5967,-100
0,5168,p3,139,2.85448e-05,17.5931,-100
0,5169,p3,226,2.7351e-05,17.5232,-100
0,5169,p3,135,2.63674e-05,17.4304,-100
0,5170,p3,226,2.6515e-05,17.5169,-100
0,5170,p3,141,2.64421e-05,17.6082,-100
0,5171,p3,249,2.63533e-05,17.6132,-100
0,5171,p3,167,2.55468e-05,17.5387,-100
0,5172,p3,313,2.6345e-05,17.6842,-100
0,5172,p3,203,2.65285e-05,17.6843,-100
0,5173,p3,338,2.66695e-05,17.8003,-100
0,5173,p3,179,2.66265e-05,17.7917,-100
0,5174,p3,253,2.6446e-05,17.4655,-100
0,5174,p3,115,2.44991e-05,16.9435,-100
0,5175,p3,180,2.40579e-05,17.1442,-100
0,5175,p3,118,2.36304e-05,17.3026,-100
0,5176,p3,210,2.37119e-05,17.3175,-100
0,5176,p3,159,2.33375e-05,17.2895,-100
0,5177,p3,309,2.38509e-05,17.1863,-100
0,5177,p3,209,2.41334e-05,17.1844,-100
0,5178,p3,372,2.60317e-05,17.2333,-100
0,5178,p3,202,2.77535e-05,17.2762,-100
0,5179,p3,320,2.86417e-05,17.2198,-100
0,5179,p3,160,2.94145e-05,17.1461,-100
0,5180,p3,250,2.90854e-05,17.3518,-100
0,5180,p3,138,2.82089e-05,17.5276,-100
0,5181,p3,263,2.78108e-05,17.4352,-100
0,5181,p3,182,2.76635e-05,17.4249,-100
0,5182,p3,360,2.8891e-05,17.5279,-100
0,5182,p3,234,3.00294e-05,17.5796,-100
0,5183,p3,421,3.10002e-05,17.6269,-100
0,5183,p3,238,3.20374e-05,17.5457,-100
0,5184,p3,351,3.26472e-05,17.5273,-100
0,5184,p3,157,3.36995e-05,17.4178,-100
0,5185,p3,244,3.40671e-05,17.5482,-100
0,5185,p3,130,3.43121e-05,17.6543,-100
0,5186,p3,209,3.45515e-05,17.7295,-100
0,5186,p3,129,3.48846e-05,17.611,-100
0,5187,p3,260,3.56616e-05,17.5967,-100
0,5187,p3,190,3.64795e-05,17.5476,-100
0,5188,p3,359,3.738e-05,17.4831,-100
0,5188,p3,215,3.78289e-05,17.4234,-100
0,5189,p3,350,3.73278e-05,17.4794,-100
0,5189,p3,177,3.60714e-05,17.5375,-100
0,5190,p3,234,3.49651e-05,17.5473,-100
0,5190,p3,104,3.25883e-05,17.4355,-100
0,5191,p3,194,3.61201e-05,17.3884,-100
0,5191,p3,152,3.74238e-05,17.3199,-100
0,5192,p3,338,3.69313e-05,17.2697,-100
0,5192,p3,237,3.58862e-05,17.2934,-100
0,5193,p3,406,3.74911e-05,17.0987,-100
0,5193,p3,214,3.82676e-05,16.9022,-100
0,5194,p3,304,3.75024e-05,16.8359,-100
0,5194,p3,122,3.63148e-05,16.7688,-100
0,5195,p3,156,3.70316e-05,17.1507,-100
0,5195,p3,84,3.8159e-05,17.4548,-100
0,5196,p3,164,3.87589e-05,17.5177,-100
0,5196,p3,141,3.89415e-05,17.2857,-100
0,5197,p3,288,3.81761e-05,17.2727,-100
0,5197,p3,199,3.80804e-05,17.2047,-100
0,5198,p3,318,3.86895e-05,17.2051,-100
0,5198,p3,161,3.92284e-05,17.1265,-100
0,5199,p3,229,3.91193e-05,17.2132,-100
0,5199,p3,112,3.79205e-05,17.2256,-100
0,5200,p3,185,3.78096e-05,17.2767,-100
0,5200,p3,123,3.80451e-05,17.1624,-100
0,5201,p3,229,3.81431e-05,17.2084,-100
0,5201,p3,161,3.80892e-05,17.2001,-100
0,5202,p3,302,3.81625e-05,17.0366,-100
0,5202,p3,194,3.7845e-05,16.9491,-100
0,5203,p3,339,4.06004e-05,16.7966,-100
0,5203,p3,188,4.16458e-05,16.7613,-100
0,5204,p3,274,4.02784e-05,17.0277,-100
0,5204,p3,133,3.83586e-05,17.262,-100
0,5205,p3,204,3.68897e-05,17.4638,-100
0,5205,p3,121,3.66888e-05,17.38,-100
0,5206,p3,209,3.88796e-05,17.0526,-100
0,5206,p3,140,4.00105e-05,16.8442,-100
0,5207,p3,264,3.91365e-05,17.0798,-100
0,5207,p3,176,3.82775e-05,17.2318,-100
0,5208,p3,280,3.89365e-05,17.1414,-100
0,5208,p3,147,3.92431e-05,16.9694,-100
0,5209,p3,228,3.81757e-05,16.9237,-100
0,5209,p3,129,3.7718e-05,16.8448,-100
0,5210,p3,250,3.90143e-05,16.8861,-100
0,5210,p3,175,4.05504e-05,16.8123,-100
0,5211,p3,307,4.06405e-05,17.049,-100
0,5211,p3,194,4.05229e-05,17.1579,-100
0,5212,p3,303,4.04016e-05,17.2675,-100
0,5212,p3,154,3.92783e-05,17.4211,-100
0,5213,p3,243,3.94886e-05,17.2231,-100
0,5213,p3,137,3.87213e-05,17.1541,-100
0,5214,p3,260,3.70206e-05,17.447,-100
0,5214,p3,180,3.55451e-05,17.6638,-100
0,5215,p3,299,3.61146e-05,17.6563,-100
0,5215,p3,165,3.57328e-05,17.7455,-100
0,5216,p3,260,3.50324e-05,17.6816,-100
0,5216,p3,140,3.38548e-05,17.6941,-100
0,5217,p3,238,3.50484e-05,17.7351,-100
0,5217,p3,146,3.46611e-05,17.8816,-100
0,5218,p3,228,3.47543e-05,17.8885,-100
0,5218,p3,132,3.37027e-05,17.9321,-100
0,5219,p3,255,3.37276e-05,17.9757,-100
0,5219,p3,178,3.33216e-05,18.068,-100
0,5220,p3,325,3.02269e-05,18.2524,-100
0,5220,p3,198,2.79566e-05,18.3639,-100
0,5221,p3,406,2.7624e-05,18.4652,-100
0,5221,p3,252,2.79934e-05,18.4827,-100
0,5222,p3,355,2.98082e-05,18.3909,-100
0,5222,p3,150,3.27251e-05,18.1046,-100
0,5223,p3,223,3.07699e-05,18.0303,-100
0,5223,p3,130,2.93136e-05,17.9264,-100
0,5224,p3,252,3.07476e-05,17.6495,-100
0,5224,p3,182,3.13614e-05,17.5585,-100
0,5225,p3,355,3.10217e-05,17.8275,-100
0,5225,p3,222,3.00376e-05,18.0871,-100
0,5226,p3,297,3.13212e-05,17.9896,-100
0,5226,p3,120,3.35872e-05,17.8053,-100
0,5227,p3,184,3.41713e-05,17.6965,-100
0,5227,p3,121,3.37675e-05,17.7093,-100
0,5228,p3,229,3.26075e-05,17.8087,-100
0,5228,p3,166,3.14819e-05,17.9575,-100
0,5229,p3,309,2.96767e-05,18.2523,-100
0,5229,p3,193,2.87573e-05,18.3238,-100
0,5230,p3,262,2.99833e-05,18.2436,-100
0,5230,p3,120,3.28903e-05,17.8306,-100
0,5231,p3,198,3.37724e-05,17.3778,-100
0,5231,p3,125,3.42522e-05,17.0272,-100
0,5232,p3,236,3.32116e-05,16.9984,-100
0,5232,p3,160,3.29643e-05,17.1395,-100
0,5233,p3,293,3.36574e-05,17.0224,-100
0,5233,p3,189,3.47049e-05,16.8568,-100
0,5234,p3,287,3.4493e-05,16.9745,-100
0,5234,p3,145,3.39244e-05,16.8263,-100
0,5235,p3,224,3.38763e-05,16.9389,-100
0,5235,p3,128,3.39328e-05,17.0716,-100
0,5236,p3,227,3.37325e-05,16.9879,-100
0,5236,p3,152,3.31702e-05,16.9737,-100
0,5237,p3,302,3.17813e-05,16.8836,-100
0,5237,p3,201,3.11638e-05,16.8298,-100
0,5238,p3,373,3.17742e-05,16.8607,-100
0,5238,p3,219,3.2287e-05,16.9337,-100
0,5239,p3,314,3.21784e-05,16.6962,-100
0,5239,p3,134,3.21405e-05,16.5148,-100
0,5240,p3,210,3.23424e-05,16.7085,-100
0,5240,p3,123,3.26244e-05,16.9938,-100
0,5241,p3,210,3.37849e-05,16.9668,-100
0,5241,p3,138,3.40895e-05,17.0434,-100
0,5242,p3,224,3.52664e-05,16.9042,-100
0,5242,p3,151,3.46364e-05,17.0129,-100
0,5243,p3,300,3.50299e-05,17.3582,-100
0,5243,p3,201,3.43589e-05,17.5917,-100
0,5244,p3,340,3.22195e-05,17.5586,-100
0,5244,p3,186,2.93158e-05,17.5577,-100
0,5245,p3,258,2.94091e-05,17.3551,-100
0,5245,p3,110,3.03207e-05,17.1487,-100
0,5246,p3,189,3.1898e-05,17.2445,-100
0,5246,p3,123,3.24598e-05,17.5814,-100
0,5247,p3,229,3.19675e-05,17.9744,-100
0,5247,p3,150,3.01091e-05,18.3154,-100
0,5248,p3,255,2.93529e-05,18.198,-100
0,5248,p3,149,2.8251e-05,18.037,-100
0,5249,p3,248,2.71936e-05,18.1329,-100
0,5249,p3,146,2.63211e-05,18.2623,-100
0,5250,p3,221,2.54719e-05,17.9934,-100
0,5250,p3,135,2.51037e-05,17.9028,-100
0,5251,p3,267,2.72954e-05,17.844,-100
0,5251,p3,203,2.76685e-05,17.8536,-100
0,5252,p3,365,2.75412e-05,17.9265,-100
0,5252,p3,211,2.68597e-05,17.9855,-100
0,5253,p3,277,2.68562e-05,18.1055,-100
0,5253,p3,118,2.63416e-05,18.341,-100
0,5254,p3,201,2.28908e-05,18.4245,-100
0,5254,p3,145,2.1346e-05,18.294,-100
0,5255,p3,261,2.28707e-05,18.2254,-100
0,5255,p3,172,2.40419e-05,18.2685,-100
0,5256,p3,308,2.36426e-05,18.6031,-100
0,5256,p3,183,2.35474e-05,18.8132,-100
0,5257,p3,267,2.41071e-05,18.829,-100
0,5257,p3,133,2.50726e-05,18.8216,-100
0,5258,p3,226,2.43957e-05,18.9423,-100
0,5258,p3,141,2.33132e-05,19.111,-100
0,5259,p3,239,2.20397e-05,19.1265,-100
0,5259,p3,149,2.13317e-05,19.1809,-100
0,5260,p3,263,2.13453e-05,19.2479,-100
0,5260,p3,165,2.18316e-05,19.1929,-100
0,5261,p3,280,2.33517e-05,19.2079,-100
0,5261,p3,169,2.41742e-05,19.1701,-100
0,5262,p3,307,2.46893e-05,19.0587,-100
0,5262,p3,189,2.43768e-05,18.9912,-100
0,5263,p3,300,2.32859e-05,18.9603,-100
0,5263,p3,164,2.25164e-05,18.9317,-100
0,5264,p3,221,2.26647e-05,19.1269,-100
0,5264,p3,128,2.35663e-05,19.2187,-100
0,5265,p3,246,2.51291e-05,19.047,-100
0,5265,p3,196,2.50853e-05,18.9763,-100
0,5266,p3,400,2.44217e-05,18.9209,-100
0,5266,p3,260,2.37612e-05,18.927,-100
0,5267,p3,407,2.3528e-05,19.2576,-100
0,5267,p3,186,2.28019e-05,19.5659,-100
0,5268,p3,241,2.22035e-05,19.345,-100
0,5268,p3,106,2.01388e-05,18.9751,-100
0,5269,p3,223,1.9242e-05,19.1789,-100
0,5269,p3,179,1.92862e-05,19.2803,-100
0,5270,p3,351,2.02452e-05,19.2324,-100
0,5270,p3,226,2.05811e-05,19.2053,-100
0,5271,p3,380,2.12891e-05,18.8603,-100
0,5271,p3,190,2.13562e-05,18.625,-100
0,5272,p3,257,2.16634e-05,18.6895,-100
0,5272,p3,107,2.24059e-05,18.9696,-100
0,5273,p3,148,2.23021e-05,19.1602,-100
0,5273,p3,90,2.15889e-05,19.1947,-100
0,5274,p3,190,2.14349e-05,19.037,-100
0,5274,p3,164,2.13214e-05,18.9681,-100
0,5275,p3,329,2.23293e-05,18.7724,-100
0,5275,p3,216,2.2788e-05,18.6943,-100
0,5276,p3,334,2.24535e-05,18.8062,-100
0,5276,p3,155,2.09188e-05,18.9353,-100
0,5277,p3,224,1.96639e-05,18.8421,-100
0,5277,p3,110,1.82004e-05,18.6595,-100
0,5278,p3,176,1.8946e-05,18.7068,-100
0,5278,p3,109,2.04537e-05,18.7497,-100
0,5279,p3,213,1.94082e-05,18.7652,-100
0,5279,p3,163,1.96142e-05,18.7338,-100
0,5280,p3,291,2.06815e-05,18.7,-100
0,5280,p3,183,2.13882e-05,18.6448,-100
0,5281,p3,333,2.13834e-05,18.7514,-100
0,5281,p3,196,2.15764e-05,18.8584,-100
0,5282,p3,296,2.30222e-05,18.8077,-100
0,5282,p3,151,2.43869e-05,18.6925,-100
0,5283,p3,213,2.35796e-05,18.7015,-100
0,5283,p3,114,2.31198e-05,18.6136,-100
0,5284,p3,170,2.33481e-05,18.5198,-100
0,5284,p3,124,2.43656e-05,18.4436,-100
0,5285,p3,251,2.55801e-05,18.5032,-100
0,5285,p3,186,2.59134e-05,18.5551,-100
0,5286,p3,372,2.40175e-05,18.6348,-100
0,5286,p3,231,2.28991e-05,18.6974,-100
0,5287,p3,340,2.40571e-05,18.6435,-100
0,5287,p3,161,2.52834e-05,18.5901,-100
0,5288,p3,230,2.55534e-05,18.5663,-100
0,5288,p3,127,2.43877e-05,18.5082,-100
0,5289,p3,250,2.43971e-05,18.4447,-100
0,5289,p3,176,2.43032e-05,18.3644,-100
0,5290,p3,301,2.40546e-05,18.4,-100
0,5290,p3,182,2.42259e-05,18.4447,-100
0,5291,p3,289,2.38065e-05,18.3744,-100
0,5291,p3,156,2.30878e-05,18.2393,-100
0,5292,p3,260,2.43421e-05,18.1227,-100
0,5292,p3,161,2.46381e-05,17.9917,-100
0,5293,p3,291,2.28144e-05,18.1274,-100
0,5293,p3,180,2.14198e-05,18.1982,-100
0,5294,p3,323,2.19746e-05,17.9411,-100
0,5294,p3,186,2.24819e-05,17.7758,-100
0,5295,p3,286,2.12318e-05,17.8713,-100
0,5295,p3,148,2.03671e-05,17.924,-100
0,5296,p3,245,2.1432e-05,17.994,-100
0,5296,p3,156,2.35443e-05,18.0399,-100
0,5297,p3,281,2.47769e-05,18.0438,-100
0,5297,p3,177,2.54071e-05,18.0687,-100
0,5298,p3,284,2.55091e-05,18.5789,-100
0,5298,p3,164,2.46522e-05,18.9171,-100
0,5299,p3,290,2.37246e-05,18.9593,-100
0,5299,p3,183,2.27688e-05,18.8971,-100
0,5300,p3,317,2.25258e-05,18.725,-100
0,5300,p3,185,2.28998e-05,18.5646,-100
0,5301,p3,298,2.46683e-05,18.4145,-100
0,5301,p3,163,2.62983e-05,18.302,-100
0,5302,p3,228,2.63308e-05,18.2616,-100
0,5302,p3,115,2.54586e-05,18.278,-100
0,5303,p3,200,2.51819e-05,18.7244,-100
0,5303,p3,150,2.47173e-05,18.8118,-100
0,5304,p3,290,2.51727e-05,18.575,-100
0,5304,p3,207,2.54382e-05,18.3526,-100
0,5305,p3,353,2.66939e-05,18.035,-100
0,5305,p3,199,2.7515e-05,17.7575,-100
0,5306,p3,327,2.75444e-05,17.9267,-100
0,5306,p3,185,2.64795e-05,18.1272,-100
0,5307,p3,292,2.67738e-05,17.9977,-100
0,5307,p3,153,2.65624e-05,17.7523,-100
0,5308,p3,261,2.77287e-05,17.6154,-100
0,5308,p3,163,2.80312e-05,17.6152,-100
0,5309,p3,272,2.70767e-05,17.7196,-100
0,5309,p3,161,2.53898e-05,17.9129,-100
0,5310,p3,240,2.38247e-05,17.9607,-100
0,5310,p3,126,2.2535e-05,17.7987,-100
0,5311,p3,208,2.63518e-05,17.8452,-100
0,5311,p3,135,2.87813e-05,17.7886,-100
0,5312,p3,241,2.67689e-05,18.0194,-100
0,5312,p3,163,2.51575e-05,18.077,-100
0,5313,p3,260,2.44547e-05,18.3004,-100
0,5313,p3,145,2.53486e-05,18.3589,-100
0,5314,p3,269,2.65909e-05,18.2863,-100
0,5314,p3,178,2.67717e-05,18.2287,-100
0,5315,p3,273,2.69445e-05,17.942,-100
0,5315,p3,150,2.71404e-05,17.7937,-100
0,5316,p3,219,2.85849e-05,17.8937,-100
0,5316,p3,127,2.91667e-05,17.9678,-100
0,5317,p3,271,2.77167e-05,18.0274,-100
0,5317,p3,203,2.68446e-05,17.9792,-100
0,5318,p3,425,2.70169e-05,18.0457,-100
0,5318,p3,252,2.71974e-05,18.0283,-100
0,5319,p3,340,2.84532e-05,17.7723,-100
0,5319,p3,123,3.12331e-05,17.2392,-100
0,5320,p3,160,3.13814e-05,17.6756,-100
0,5320,p3,76,3.10483e-05,18.2616,-100
0,5321,p3,154,3.09028e-05,18.4229,-100
0,5321,p3,135,3.08428e-05,18.2893,-100
0,5322,p3,279,3.32873e-05,17.8742,-100
0,5322,p3,195,3.34774e-05,17.5713,-100
0,5323,p3,367,3.36185e-05,17.4735,-100
0,5323,p3,220,3.35071e-05,17.4168,-100
0,5324,p3,300,3.32164e-05,17.643,-100
0,5324,p3,126,3.22657e-05,17.8866,-100
0,5325,p3,193,3.19892e-05,17.8865,-100
0,5325,p3,122,3.19911e-05,17.803,-100
0,5326,p3,248,3.28296e-05,17.8169,-100
0,5326,p3,185,3.25871e-05,17.7594,-100
0,5327,p3,347,3.13249e-05,17.8533,-100
0,5327,p3,213,2.98977e-05,17.8845,-100
0,5328,p3,320,3.0036e-05,17.8198,-100
0,5328,p3,151,2.95312e-05,17.6436,-100
0,5329,p3,247,3.01978e-05,17.5906,-100
0,5329,p3,142,3.07459e-05,17.5069,-100
0,5330,p3,255,3.1273e-05,17.2935,-100
0,5330,p3,160,3.18916e-05,17.1035,-100
0,5331,p3,240,3.12023e-05,17.2584,-100
0,5331,p3,135,3.00151e-05,17.3923,-100
0,5332,p3,241,3.00768e-05,17.5137,-100
0,5332,p3,158,3.02472e-05,17.5954,-100
0,5333,p3,273,3.17865e-05,17.5402,-100
0,5333,p3,165,3.31019e-05,17.4671,-100
0,5334,p3,260,3.35289e-05,17.4867,-100
0,5334,p3,137,3.26277e-05,17.5692,-100
0,5335,p3,211,3.41756e-05,17.2634,-100
0,5335,p3,123,3.41272e-05,17.1606,-100
0,5336,p3,212,3.44657e-05,17.2271,-100
0,5336,p3,147,3.39042e-05,17.3849,-100
0,5337,p3,288,3.46118e-05,17.5257,-100
0,5337,p3,194,3.48778e-05,17.6048,-100
0,5338,p3,301,3.54063e-05,17.544,-100
0,5338,p3,156,3.66412e-05,17.569,-100
0,5339,p3,252,3.73258e-05,17.6339,-100
0,5339,p3,157,3.78435e-05,17.613,-100
0,5340,p3,286,3.79712e-05,17.9995,-100
0,5340,p3,187,3.7364e-05,18.2573,-100
0,5341,p3,295,3.76983e-05,18.1185,-100
0,5341,p3,154,3.83941e-05,17.909,-100
0,5342,p3,252,3.8877e-05,17.6447,-100
0,5342,p3,147,4.0034e-05,17.4863,-100
0,5343,p3,268,4.07619e-05,17.7775,-100
0,5343,p3,172,4.16482e-05,17.8485,-100
0,5344,p3,287,4.28168e-05,17.6422,-100
0,5344,p3,154,4.33176e-05,17.4044,-100
0,5345,p3,240,4.15093e-05,17.8985,-100
0,5345,p3,134,3.90329e-05,18.2636,-100
0,5346,p3,251,3.83393e-05,18.2103,-100
0,5346,p3,169,3.80291e-05,18.1209,-100
0,5347,p3,346,3.84383e-05,18.2099,-100
0,5347,p3,221,3.88243e-05,18.2568,-100
0,5348,p3,320,3.90329e-05,18.2243,-100
0,5348,p3,145,3.85784e-05,18.1976,-100
0,5349,p3,220,3.88681e-05,18.1439,-100
0,5349,p3,134,3.83504e-05,17.9937,-100
0,5350,p3,236,3.9664e-05,17.736,-100
0,5350,p3,160,4.00209e-05,17.644,-100
0,5351,p3,325,3.89285e-05,17.5316,-100
0,5351,p3,210,3.77412e-05,17.5504,-100
0,5352,p3,357,3.89883e-05,17.6032,-100
0,5352,p3,180,3.91852e-05,17.7139,-100
0,5353,p3,227,4.0824e-05,17.5297,-100
0,5353,p3,97,4.20502e-05,17.4859,-100
0,5354,p3,161,4.02627e-05,17.8017,-100
0,5354,p3,129,3.86287e-05,18.0513,-100
0,5355,p3,259,3.73455e-05,17.969,-100
0,5355,p3,193,3.74179e-05,17.798,-100
0,5356,p3,305,3.94067e-05,17.7997,-100
0,5356,p3,158,4.17455e-05,17.7706,-100
0,5357,p3,248,3.97073e-05,17.9215,-100
0,5357,p3,137,3.76059e-05,18.0893,-100
0,5358,p3,274,3.70267e-05,18.0472,-100
0,5358,p3,184,3.74846e-05,17.9082,-100
0,5359,p3,319,3.99932e-05,17.6093,-100
0,5359,p3,162,4.15621e-05,17.3595,-100
0,5360,p3,213,4.02555e-05,17.6331,-100
0,5360,p3,94,3.70518e-05,18.1368,-100
0,5361,p3,155,3.56314e-05,18.1342,-100
0,5361,p3,118,3.6297e-05,18.0182,-100
0,5362,p3,240,3.87973e-05,18.1431,-100
0,5362,p3,178,3.98641e-05,18.1519,-100
0,5363,p3,318,3.73562e-05,18.1588,-100
0,5363,p3,192,3.50917e-05,18.0922,-100
0,5364,p3,275,3.47723e-05,18.0878,-100
0,5364,p3,130,3.4103e-05,18.1024,-100
0,5365,p3,219,3.86159e-05,18.2312,-100
0,5365,p3,138,4.08977e-05,18.3206,-100
0,5366,p3,223,4.00524e-05,18.3139,-100
0,5366,p3,137,3.75859e-05,18.1918,-100
0,5367,p3,279,4.0075e-05,18.0874,-100
0,5367,p3,206,4.07452e-05,18.0214,-100
0,5368,p3,384,3.87268e-05,18.0857,-100
0,5368,p3,226,3.73132e-05,18.0932,-100
0,5369,p3,339,3.63914e-05,18.2434,-100
0,5369,p3,156,3.6129e-05,18.3642,-100
0,5370,p3,227,3.50013e-05,18.2485,-100
0,5370,p3,124,3.32222e-05,18.1803,-100
0,5371,p3,205,3.50816e-05,18.0208,-100
0,5371,p3,135,3.57572e-05,18.067,-100
0,5372,p3,276,3.60159e-05,18.0464,-100
0,5372,p3,205,3.59187e-05,18.1468,-100
0,5373,p3,356,3.39256e-05,18.1932,-100
0,5373,p3,205,3.22395e-05,18.1783,-100
0,5374,p3,399,3.318e-05,18.0661,-100
0,5374,p3,242,3.41756e-05,17.9938,-100
0,5375,p3,342,3.4443e-05,17.9616,-100
0,5375,p3,141,3.47696e-05,17.8358,-100
0,5376,p3,184,3.67759e-05,17.7641,-100
0,5376,p3,89,3.8901e-05,17.8174,-100
0,5377,p3,173,4.37063e-05,17.3371,-100
0,5377,p3,141,4.42981e-05,17.2399,-100
0,5378,p3,288,4.50292e-05,17.1271,-100
0,5378,p3,198,4.39862e-05,17.2603,-100
0,5379,p3,306,4.27595e-05,17.2821,-100
0,5379,p3,158,4.01578e-05,17.3974,-100
0,5380,p3,237,4.07347e-05,17.4602,-100
0,5380,p3,124,4.00989e-05,17.6021,-100
0,5381,p3,191,3.98185e-05,17.689,-100
0,5381,p3,117,3.96767e-05,17.842,-100
0,5382,p3,202,3.9088e-05,17.8945,-100
0,5382,p3,141,3.99052e-05,17.8805,-100
0,5383,p3,312,3.97059e-05,17.8051,-100
0,5383,p3,233,3.97421e-05,17.7303,-100
0,5384,p3,381,3.95298e-05,17.5147,-100
0,5384,p3,202,4.00632e-05,17.3767,-100
0,5385,p3,311,4.09175e-05,17.3661,-100
0,5385,p3,158,4.17349e-05,17.5326,-100
0,5386,p3,261,4.17854e-05,17.6774,-100
0,5386,p3,152,4.14904e-05,17.8684,-100
0,5387,p3,266,4.01731e-05,18.0156,-100
0,5387,p3,163,3.96007e-05,18.1142,-100
0,5388,p3,277,3.85348e-05,18.2154,-100
0,5388,p3,164,3.70726e-05,18.1938,-100
0,5389,p3,258,3.69398e-05,18.2742,-100
0,5389,p3,135,3.56107e-05,18.3866,-100
0,5390,p3,184,3.54837e-05,18.4099,-100
0,5390,p3,97,3.65065e-05,18.3715,-100
0,5391,p3,175,3.57378e-05,18.4442,-100
0,5391,p3,138,3.59074e-05,18.4339,-100
0,5392,p3,265,3.70482e-05,18.2936,-100
0,5392,p3,184,3.8135e-05,18.2676,-100
0,5393,p3,301,3.65584e-05,18.3063,-100
0,5393,p3,168,3.49318e-05,18.386,-100
0,5394,p3,277,3.72873e-05,18.3853,-100
0,5394,p3,153,3.92059e-05,18.4465,-100
0,5395,p3,244,4.07463e-05,18.2473,-100
0,5395,p3,143,4.19116e-05,18.0154,-100
0,5396,p3,215,4.22243e-05,18.0872,-100
0,5396,p3,125,4.34096e-05,18.0253,-100
0,5397,p3,231,4.4017e-05,18.1963,-100
0,5397,p3,174,4.5312e-05,18.2216,-100
0,5398,p3,352,4.70082e-05,18.0266,-100
0,5398,p3,233,4.79998e-05,17.9005,-100
0,5399,p3,368,4.89167e-05,17.9666,-100
0,5399,p3,177,4.89597e-05,18.0077,-100
0,5400,p3,242,4.76958e-05,17.8504,-100
0,5400,p3,109,4.55467e-05,17.5525,-100
0,5401,p3,160,4.56818e-05,17.5885,-100
0,5401,p3,107,4.64486e-05,17.6007,-100
0,5402,p3,229,4.58218e-05,17.5985,-100
0,5402,p3,187,4.47682e-05,17.5422,-100
0,5403,p3,369,4.54075e-05,17.448,-100
0,5403,p3,240,4.58404e-05,17.4341,-100
0,5404,p3,356,4.80159e-05,17.6263,-100
0,5404,p3,168,4.97467e-05,18.0377,-100
0,5405,p3,274,4.62339e-05,18.1965,-100
0,5405,p3,152,4.3507e-05,18.2744,-100
0,5406,p3,306,4.53455e-05,18.2996,-100
0,5406,p3,208,4.61095e-05,18.275,-100
0,5407,p3,318,4.53534e-05,18.501,-100
0,5407,p3,155,4.4e-05,18.6429,-100
0,5408,p3,242,4.56179e-05,18.5003,-100
0,5408,p3,133,4.63932e-05,18.485,-100
0,5409,p3,203,4.30573e-05,18.3117,-100
0,5409,p3,126,4.0811e-05,18.4725,-100
0,5410,p3,220,4.37253e-05,18.3663,-100
0,5410,p3,141,4.70686e-05,18.3789,-100
0,5411,p3,244,5.09866e-05,18.4338,-100
0,5411,p3,157,5.41959e-05,18.618,-100
0,5412,p3,295,5.79707e-05,18.4207,-100
0,5412,p3,188,6.07181e-05,18.3688,-100
0,5413,p3,262,5.85452e-05,18.564,-100
0,5413,p3,117,5.53222e-05,18.7267,-100
0,5414,p3,166,5.76234e-05,18.4069,-100
0,5414,p3,99,6.04867e-05,18.1014,-100
0,5415,p3,182,6.24531e-05,17.9492,-100
0,5415,p3,144,6.33975e-05,17.9696,-100
0,5416,p3,273,6.37117e-05,18.1061,-100
0,5416,p3,186,6.36516e-05,18.2166,-100
0,5417,p3,299,6.3237e-05,18.4022,-100
0,5417,p3,166,6.39708e-05,18.5612,-100
0,5418,p3,277,6.55621e-05,18.4982,-100
0,5418,p3,158,6.54693e-05,18.3974,-100
0,5419,p3,262,6.86775e-05,18.1988,-100
0,5419,p3,147,6.98334e-05,17.9581,-100
0,5420,p3,262,6.90331e-05,18.0194,-100
0,5420,p3,162,6.60202e-05,18.3311,-100
0,5421,p3,281,6.58049e-05,18.1618,-100
0,5421,p3,163,6.44836e-05,18.2525,-100
0,5422,p3,250,6.39022e-05,18.5606,-100
0,5422,p3,124,6.28388e-05,19.0864,-100
0,5423,p3,162,6.19919e-05,19.497,-100
0,5423,p3,90,6.19716e-05,19.7653,-100
0,5424,p3,205,6.16449e-05,19.9164,-100
0,5424,p3,179,6.22476e-05,19.7988,-100
0,5425,p3,375,6.0447e-05,19.4979,-100
0,5425,p3,245,5.95683e-05,19.2232,-100
0,5426,p3,435,5.85783e-05,19.5633,-100
0,5426,p3,236,5.81349e-05,19.8935,-100
0,5427,p3,325,5.80203e-05,19.8066,-100
0,5427,p3,138,5.71547e-05,19.5995,-100
0,5428,p3,196,5.71665e-05,19.5012,-100
0,5428,p3,106,5.90281e-05,19.2368,-100
0,5429,p3,248,5.83271e-05,19.2077,-100
0,5429,p3,201,5.8104e-05,19.218,-100
0,5430,p3,351,5.8658e-05,18.88,-100
0,5430,p3,198,6.04729e-05,18.7125,-100
0,5431,p3,302,6.0859e-05,18.974,-100
0,5431,p3,149,6.09569e-05,19.506,-100
0,5432,p3,259,6.24649e-05,19.7355,-100
0,5432,p3,161,6.24224e-05,19.9257,-100
0,5433,p3,267,6.69244e-05,19.6404,-100
0,5433,p3,155,6.83217e-05,19.3386,-100
0,5434,p3,320,6.2016e-05,19.732,-100
0,5434,p3,211,5.64116e-05,19.9461,-100
0,5435,p3,322,5.59081e-05,19.8876,-100
0,5435,p3,151,5.59576e-05,19.8177,-100
0,5436,p3,223,6.03222e-05,19.5723,-100
0,5436,p3,124,6.46283e-05,19.292,-100
0,5437,p3,187,6.52891e-05,19.1551,-100
0,5437,p3,119,6.39196e-05,19.1774,-100
0,5438,p3,254,6.22404e-05,19.3482,-100
0,5438,p3,195,6.13519e-05,19.4418,-100
0,5439,p3,353,6.25192e-05,19.4478,-100
0,5439,p3,206,6.25295e-05,19.6073,-100
0,5440,p3,287,6.25152e-05,19.5499,-100
0,5440,p3,109,6.09625e-05,19.4978,-100
0,5441,p3,126,5.79012e-05,19.4041,-100
0,5441,p3,63,5.27677e-05,19.6484,-100
0,5442,p3,126,4.70534e-05,20.1547,-100
0,5442,p3,117,4.78819e-05,20.2825,-100
0,5443,p3,237,5.14363e-05,20.1368,-100
0,5443,p3,173,5.40207e-05,19.9628,-100
0,5444,p3,307,5.31836e-05,20.0619,-100
0,5444,p3,183,5.15203e-05,20.1334,-100
0,5445,p3,264,5.07989e-05,20.2026,-100
0,5445,p3,134,4.78322e-05,20.2844,-100
0,5446,p3,211,4.73288e-05,19.7958,-100
0,5446,p3,135,4.50818e-05,19.4176,-100
0,5447,p3,245,4.65293e-05,19.4782,-100
0,5447,p3,167,4.51203e-05,19.624,-100
0,5448,p3,288,4.57603e-05,19.6098,-100
0,5448,p3,165,4.57399e-05,19.6854,-100
0,5449,p3,241,4.76272e-05,19.7151,-100
0,5449,p3,132,4.85316e-05,19.6687,-100
0,5450,p3,215,4.58929e-05,19.9911,-100
0,5450,p3,134,4.3383e-05,20.0704,-100
0,5451,p3,249,4.26539e-05,20.0449,-100
0,5451,p3,170,4.36964e-05,19.8367,-100
0,5452,p3,311,4.39834e-05,19.9345,-100
0,5452,p3,188,4.47345e-05,19.8856,-100
0,5453,p3,310,4.17806e-05,19.6425,-100
0,5453,p3,160,3.72627e-05,19.4652,-100
0,5454,p3,216,3.64207e-05,19.5454,-100
0,5454,p3,109,3.44849e-05,19.5574,-100
0,5455,p3,144,3.66884e-05,19.5733,-100
0,5455,p3,99,3.70447e-05,19.4418,-100
0,5456,p3,250,3.71082e-05,19.2715,-100
0,5456,p3,223,3.64591e-05,19.2173,-100
0,5457,p3,482,3.63484e-05,19.2894,-100
0,5457,p3,325,3.56419e-05,19.3331,-100
0,5458,p3,492,3.46636e-05,19.3327,-100
0,5458,p3,207,3.30039e-05,19.3301,-100
0,5459,p3,268,3.3919e-05,19.3048,-100
0,5459,p3,101,3.45339e-05,19.1528,-100
0,5460,p3,196,3.33038e-05,18.9471,-100
0,5460,p3,143,3.11067e-05,18.7749,-100
0,5461,p3,269,2.97201e-05,18.6461,-100
0,5461,p3,173,2.79811e-05,18.5112,-100
0,5462,p3,265,2.88932e-05,18.5526,-100
0,5462,p3,143,2.92325e-05,18.6116,-100
0,5463,p3,250,2.77582e-05,18.424,-100
0,5463,p3,152,2.68406e-05,18.3292,-100
0,5464,p3,254,2.63455e-05,18.4095,-100
0,5464,p3,155,2.64085e-05,18.4896,-100
0,5465,p3,234,2.6653e-05,18.4994,-100
0,5465,p3,126,2.61521e-05,18.4658,-100
0,5466,p3,239,2.53654e-05,18.2756,-100
0,5466,p3,163,2.49403e-05,18.207,-100
0,5467,p3,301,2.69654e-05,18.364,-100
0,5467,p3,194,2.82001e-05,18.542,-100
0,5468,p3,324,3.00897e-05,18.6861,-100
0,5468,p3,183,3.13663e-05,18.8049,-100
0,5469,p3,331,2.91373e-05,18.675,-100
0,5469,p3,188,2.76596e-05,18.6396,-100
0,5470,p3,268,2.84324e-05,18.5802,-100
0,5470,p3,121,2.98299e-05,18.5666,-100
0,5471,p3,212,2.98946e-05,18.7237,-100
0,5471,p3,148,2.98751e-05,18.8486,-100
0,5472,p3,275,3.08248e-05,18.8171,-100
0,5472,p3,189,2.99563e-05,18.6952,-100
0,5473,p3,339,2.88546e-05,18.622,-100
0,5473,p3,194,2.72285e-05,18.4633,-100
0,5474,p3,294,2.55344e-05,18.3366,-100
0,5474,p3,151,2.45564e-05,18.2596,-100
0,5475,p3,257,2.52462e-05,18.0848,-100
0,5475,p3,157,2.64834e-05,18.067,-100
0,5476,p3,280,2.74289e-05,18.218,-100
0,5476,p3,169,2.85939e-05,18.387,-100
0,5477,p3,277,2.90912e-05,18.4057,-100
0,5477,p3,150,2.90282e-05,18.384,-100
0,5478,p3,223,3.04073e-05,18.5081,-100
0,5478,p3,120,3.12521e-05,18.5123,-100
0,5479,p3,183,3.21371e-05,18.3182,-100
0,5479,p3,115,3.23051e-05,18.1615,-100
0,5480,p3,221,3.07142e-05,18.1655,-100
0,5480,p3,163,2.94689e-05,18.1972,-100
0,5481,p3,275,3.08276e-05,18.1596,-100
0,5481,p3,166,3.19547e-05,18.1475,-100
0,5482,p3,230,3.23618e-05,18.2915,-100
0,5482,p3,114,3.17832e-05,18.3423,-100
0,5483,p3,207,3.08949e-05,18.3543,-100
0,5483,p3,151,3.02447e-05,18.3416,-100
0,5484,p3,326,3.13474e-05,18.2297,-100
0,5484,p3,229,3.17283e-05,18.1604,-100
0,5485,p3,397,3.27602e-05,18.2709,-100
0,5485,p3,215,3.36162e-05,18.3985,-100
0,5486,p3,376,3.40624e-05,18.3419,-100
0,5486,p3,202,3.49419e-05,18.2866,-100
0,5487,p3,267,3.37275e-05,18.2991,-100
0,5487,p3,115,3.20726e-05,18.0881,-100
0,5488,p3,178,3.27288e-05,17.9461,-100
0,5488,p3,127,3.33933e-05,17.7117,-100
0,5489,p3,279,3.33772e-05,17.7519,-100
0,5489,p3,219,3.31635e-05,17.6922,-100
0,5490,p3,389,3.3562e-05,17.7288,-100
0,5490,p3,213,3.38109e-05,17.783,-100
0,5491,p3,274,3.25971e-05,17.734,-100
0,5491,p3,100,3.2436e-05,17.7135,-100
0,5492,p3,156,3.14084e-05,17.802,-100
0,5492,p3,107,3.24343e-05,17.899,-100
0,5493,p3,232,3.40764e-05,17.9201,-100
0,5493,p3,185,3.50673e-05,17.9104,-100
0,5494,p3,353,3.83556e-05,18.0366,-100
0,5494,p3,226,4.08347e-05,18.0465,-100
0,5495,p3,328,4.03685e-05,17.9459,-100
0,5495,p3,151,4.05726e-05,17.7243,-100
0,5496,p3,270,4.04323e-05,17.5687,-100
0,5496,p3,165,4.08094e-05,17.5033,-100
0,5497,p3,255,4.27654e-05,17.7004,-100
0,5497,p3,139,4.4006e-05,17.9454,-100
0,5498,p3,227,4.51135e-05,17.9345,-100
0,5498,p3,139,4.3962e-05,17.7279,-100
0,5499,p3,250,4.26094e-05,17.7667,-100
0,5499,p3,164,4.0852e-05,17.6282,-100
0,5500,p3,314,4.06741e-05,17.6721,-100
0,5500,p3,199,4.1104e-05,17.6957,-100
0,5501,p3,315,4.04977e-05,17.6386,-100
0,5501,p3,162,4.0168e-05,17.5966,-100
0,5502,p3,259,4.17208e-05,17.7329,-100
0,5502,p3,139,4.33725e-05,17.9831,-100
0,5503,p3,210,4.35293e-05,17.9731,-100
0,5503,p3,123,4.28488e-05,17.9976,-100
0,5504,p3,232,4.37519e-05,18.1264,-100
0,5504,p3,164,4.50946e-05,18.2039,-100
0,5505,p3,277,4.72818e-05,18.1348,-100
0,5505,p3,163,4.90318e-05,17.9315,-100
0,5506,p3,289,4.71566e-05,17.84,-100
0,5506,p3,180,4.67424e-05,17.7614,-100
0,5507,p3,285,4.86995e-05,17.7451,-100
0,5507,p3,152,5.13199e-05,17.7007,-100
0,5508,p3,220,5.17589e-05,17.848,-100
0,5508,p3,120,5.07622e-05,17.8779,-100
0,5509,p3,213,5.32902e-05,18.2788,-100
0,5509,p3,149,5.40748e-05,18.4698,-100
0,5510,p3,316,5.32126e-05,18.3554,-100
0,5510,p3,220,5.24977e-05,18.2103,-100
0,5511,p3,323,5.40148e-05,18.2283,-100
0,5511,p3,144,5.54779e-05,18.1632,-100
0,5512,p3,216,5.51255e-05,17.9375,-100
0,5512,p3,130,5.34751e-05,17.6695,-100
0,5513,p3,247,5.61492e-05,17.653,-100
0,5513,p3,173,5.67852e-05,17.7013,-100
0,5514,p3,356,5.58591e-05,17.5463,-100
0,5514,p3,228,5.46964e-05,17.4504,-100
0,5515,p3,328,5.41953e-05,17.5291,-100
0,5515,p3,141,5.29068e-05,17.6826,-100
0,5516,p3,195,5.35829e-05,17.9604,-100
0,5516,p3,101,5.37237e-05,18.2844,-100
0,5517,p3,163,5.70569e-05,18.2838,-100
0,5517,p3,126,5.81488e-05,18.2199,-100
0,5518,p3,292,5.57722e-05,17.9987,-100
0,5518,p3,231,5.44146e-05,17.8002,-100
0,5519,p3,394,5.38215e-05,17.7467,-100
0,5519,p3,220,5.41875e-05,17.7461,-100
0,5520,p3,305,5.71223e-05,18.101,-100
0,5520,p3,129,6.06757e-05,18.6788,-100
0,5521,p3,211,5.97707e-05,18.206,-100
0,5521,p3,138,5.75998e-05,17.8974,-100
0,5522,p3,302,5.53215e-05,18.2374,-100
0,5522,p3,224,5.35565e-05,18.4706,-100
0,5523,p3,398,5.3309e-05,18.1856,-100
0,5523,p3,219,5.21784e-05,17.8241,-100
0,5524,p3,345,5.51823e-05,17.9678,-100
0,5524,p3,179,5.73306e-05,18.0746,-100
0,5525,p3,284,5.78956e-05,18.2414,-100
0,5525,p3,160,5.65309e-05,18.4157,-100
0,5526,p3,263,5.51545e-05,18.1723,-100
0,5526,p3,166,5.3848e-05,18.0763,-100
0,5527,p3,299,5.41253e-05,17.9856,-100
0,5527,p3,187,5.51913e-05,17.9409,-100
0,5528,p3,343,5.63671e-05,18.4154,-100
0,5528,p3,207,5.71152e-05,18.8388,-100
0,5529,p3,340,5.9234e-05,19.1021,-100
0,5529,p3,182,6.07342e-05,19.2662,-100
0,5530,p3,255,6.07855e-05,19.0887,-100
0,5530,p3,117,5.98988e-05,18.7369,-100
0,5531,p3,192,5.88468e-05,18.2391,-100
0,5531,p3,128,5.82898e-05,18.1295,-100
0,5532,p3,261,5.78667e-05,18.1656,-100
0,5532,p3,190,5.86536e-05,18.3277,-100
0,5533,p3,341,6.02947e-05,18.647,-100
0,5533,p3,206,6.20888e-05,18.854,-100
0,5534,p3,289,6.25621e-05,18.5664,-100
0,5534,p3,127,6.3188e-05,18.2086,-100
0,5535,p3,210,6.44726e-05,18.6731,-100
0,5535,p3,146,6.46606e-05,18.8222,-100
0,5536,p3,243,6.61593e-05,19.0123,-100
0,5536,p3,159,6.71852e-05,18.977,-100
0,5537,p3,289,6.37491e-05,18.4146,-100
0,5537,p3,182,6.01081e-05,17.988,-100
0,5538,p3,296,6.36056e-05,18.1444,-100
0,5538,p3,164,6.69806e-05,18.1938,-100
0,5539,p3,237,6.56109e-05,18.0113,-100
0,5539,p3,117,6.27862e-05,17.5327,-100
0,5540,p3,198,6.1463e-05,17.1744,-100
0,5540,p3,137,6.06343e-05,17.0099,-100
0,5541,p3,221,6.03758e-05,16.9217,-100
0,5541,p3,133,5.93369e-05,17.0271,-100
0,5542,p3,221,6.09998e-05,17.3493,-100
0,5542,p3,143,6.14199e-05,17.4415,-100
0,5543,p3,239,6.27022e-05,17.5546,-100
0,5543,p3,145,6.25063e-05,17.5041,-100
0,5544,p3,245,6.2051e-05,17.4112,-100
0,5544,p3,149,6.02137e-05,17.2853,-100
0,5545,p3,242,5.87464e-05,17.0721,-100
0,5545,p3,152,5.68471e-05,16.8306,-100
0,5546,p3,275,5.47619e-05,16.5602,-100
0,5546,p3,168,5.37876e-05,16.4104,-100
0,5547,p3,287,5.50376e-05,16.2767,-100
0,5547,p3,171,5.6312e-05,16.2564,-100
0,5548,p3,293,5.59373e-05,16.4564,-100
0,5548,p3,161,5.48764e-05,16.783,-100
0,5549,p3,254,5.55944e-05,16.8455,-100
0,5549,p3,135,5.59429e-05,16.9285,-100
0,5550,p3,204,5.71054e-05,16.8335,-100
0,5550,p3,117,5.66221e-05,16.5607,-100
0,5551,p3,179,5.65997e-05,16.2968,-100
0,5551,p3,116,5.61277e-05,16.1485,-100
0,5552,p3,210,5.48155e-05,15.9904,-100
0,5552,p3,153,5.39745e-05,16.0292,-100
0,5553,p3,292,5.23947e-05,16.1252,-100
0,5553,p3,201,5.24857e-05,16.3135,-100
0,5554,p3,310,5.38463e-05,16.4007,-100
0,5554,p3,156,5.57785e-05,16.5523,-100
0,5555,p3,237,5.52205e-05,16.6276,-100
0,5555,p3,122,5.40466e-05,16.5933,-100
0,5556,p3,171,5.51301e-05,16.5065,-100
0,5556,p3,100,5.5026e-05,16.3961,-100
0,5557,p3,177,5.16363e-05,16.1926,-100
0,5557,p3,142,4.9606e-05,16.1154,-100
0,5558,p3,273,5.07468e-05,16.0816,-100
0,5558,p3,191,5.16289e-05,16.0816,-100
0,5559,p3,333,4.99188e-05,16.2514,-100
0,5559,p3,198,4.77859e-05,16.3741,-100
0,5560,p3,307,4.68634e-05,15.9109,-100
0,5560,p3,150,4.53507e-05,15.2354,-100
0,5561,p3,204,4.51503e-05,15.1031,-100
0,5561,p3,88,4.6086e-05,15.0184,-100
0,5562,p3,150,4.56807e-05,15.1168,-100
0,5562,p3,112,4.54161e-05,15.2159,-100
0,5563,p3,201,4.43458e-05,15.0825,-100
0,5563,p3,148,4.30234e-05,15.0339,-100
0,5564,p3,250,4.31563e-05,14.8257,-100
0,5564,p3,153,4.26387e-05,14.6677,-100
0,5565,p3,261,4.62575e-05,14.9559,-100
0,5565,p3,152,4.79363e-05,15.2909,-100
0,5566,p3,208,4.70143e-05,15.3888,-100
0,5566,p3,111,4.46871e-05,15.3115,-100
0,5567,p3,169,4.1717e-05,15.076,-100
0,5567,p3,114,4.09584e-05,14.8632,-100
0,5568,p3,302,4.04267e-05,14.5193,-100
0,5568,p3,251,4.09211e-05,14.4995,-100
0,5569,p3,474,4.3149e-05,14.5685,-100
0,5569,p3,276,4.54851e-05,14.6815,-100
0,5570,p3,349,4.57547e-05,14.7169,-100
0,5570,p3,110,4.56831e-05,14.8011,-100
0,5571,p3,194,4.13815e-05,14.6227,-100
0,5571,p3,132,3.9575e-05,14.5918,-100
0,5572,p3,281,4.09698e-05,14.3171,-100
0,5572,p3,206,4.3374e-05,14.3203,-100
0,5573,p3,358,4.6878e-05,14.5725,-100
0,5573,p3,205,4.98113e-05,14.8996,-100
0,5574,p3,318,4.89672e-05,14.9036,-100
0,5574,p3,164,4.79934e-05,14.976,-100
0,5575,p3,261,4.81834e-05,14.9199,-100
0,5575,p3,154,4.89469e-05,14.9362,-100
0,5576,p3,277,5.05572e-05,15.0319,-100
0,5576,p3,184,5.06975e-05,15.117,-100
0,5577,p3,307,4.89566e-05,15.0429,-100
0,5577,p3,171,4.72913e-05,14.9467,-100
0,5578,p3,297,4.65835e-05,14.6909,-100
0,5578,p3,180,4.66387e-05,14.5487,-100
0,5579,p3,325,4.96363e-05,14.7455,-100
0,5579,p3,191,5.14484e-05,14.8167,-100
0,5580,p3,293,5.17563e-05,14.8519,-100
0,5580,p3,141,5.12442e-05,14.848,-100
0,5581,p3,228,5.52006e-05,14.9703,-100
0,5581,p3,132,5.72641e-05,15.018,-100
0,5582,p3,182,5.44104e-05,14.782,-100
0,5582,p3,103,5.02083e-05,14.7221,-100
0,5583,p3,243,4.97941e-05,14.6268,-100
0,5583,p3,200,5.02953e-05,14.6951,-100
0,5584,p3,370,5.16993e-05,14.9019,-100
0,5584,p3,212,5.32159e-05,15.1571,-100
0,5585,p3,324,5.38035e-05,15.2195,-100
0,5585,p3,150,5.30122e-05,15.1875,-100
0,5586,p3,195,5.38398e-05,15.166,-100
0,5586,p3,94,5.21678e-05,15.2332,-100
0,5587,p3,155,5.01575e-05,14.9502,-100
0,5587,p3,127,4.81871e-05,14.9231,-100
0,5588,p3,281,4.6833e-05,14.9665,-100
0,5588,p3,227,4.66435e-05,15.0297,-100
0,5589,p3,402,4.68634e-05,14.9959,-100
0,5589,p3,217,4.74197e-05,14.9856,-100
0,5590,p3,271,4.89897e-05,14.9847,-100
0,5590,p3,90,5.16093e-05,14.8864,-100
0,5591,p3,132,5.59372e-05,14.9575,-100
0,5591,p3,95,5.60731e-05,14.959,-100
0,5592,p3,225,5.29734e-05,14.8872,-100
0,5592,p3,191,5.15023e-05,14.8508,-100
0,5593,p3,357,5.40956e-05,14.8307,-100
0,5593,p3,222,5.55378e-05,14.8963,-100
0,5594,p3,313,5.30433e-05,14.856,-100
0,5594,p3,131,4.94094e-05,15.039,-100
0,5595,p3,158,4.93487e-05,15.2062,-100
0,5595,p3,75,5.03396e-05,15.5158,-100
0,5596,p3,127,5.02961e-05,15.1847,-100
0,5596,p3,113,5.10118e-05,15.0467,-100
0,5597,p3,246,5.29541e-05,14.9857,-100
0,5597,p3,195,5.3722e-05,14.9899,-100
0,5598,p3,395,5.15381e-05,15.0561,-100
0,5598,p3,246,5.01765e-05,15.0741,-100
0,5599,p3,320,5.11612e-05,15.0985,-100
0,5599,p3,109,5.15887e-05,14.9268,-100
0,5600,p3,163,4.93395e-05,14.8905,-100
0,5600,p3,102,4.72972e-05,14.7983,-100
